{
  "best_depth": 8,
  "unified": {
    "val": {
      "name": "unified/val",
      "n": 1287216,
      "accuracy": 0.8270243688704926,
      "acc_ci": [
        0.8264097090154255,
        0.8276526045356801
      ],
      "log_loss": 0.36941769741438873,
      "ll_ci": [
        0.3684644273577709,
        0.3703371645919252
      ],
      "ece": 0.023787693039786027,
      "ece_ci": [
        0.0232032971987578,
        0.02438386184572552
      ]
    },
    "test": {
      "name": "unified/test",
      "n": 1284717,
      "accuracy": 0.8275916018858628,
      "acc_ci": [
        0.8269050109868554,
        0.8282340196323393
      ],
      "log_loss": 0.36946312676429827,
      "ll_ci": [
        0.3685266405699936,
        0.37039817349143206
      ],
      "ece": 0.016587704320102373,
      "ece_ci": [
        0.01604694886181306,
        0.01721786195862529
      ]
    }
  },
  "per_bucket": [
    {
      "name": "vp_02-04",
      "n": 237827,
      "accuracy": 0.7591652755994904,
      "acc_ci": [
        0.7575211182918676,
        0.7608435963956994
      ],
      "log_loss": 0.4606191946930196,
      "ll_ci": [
        0.45854059292220384,
        0.4627878279967907
      ],
      "ece": 0.035507703546913794,
      "ece_ci": [
        0.03407603717052106,
        0.037120569556335435
      ]
    },
    {
      "name": "vp_04-06",
      "n": 261890,
      "accuracy": 0.7573217763183016,
      "acc_ci": [
        0.7558350834319753,
        0.7590525602352133
      ],
      "log_loss": 0.4798883454899982,
      "ll_ci": [
        0.47773495128994303,
        0.4819361979586151
      ],
      "ece": 0.0357538086386045,
      "ece_ci": [
        0.03419846501948931,
        0.037166886327433264
      ]
    },
    {
      "name": "vp_06-08",
      "n": 278166,
      "accuracy": 0.8033332614338201,
      "acc_ci": [
        0.8017224427140628,
        0.8047537261922737
      ],
      "log_loss": 0.4355519638257094,
      "ll_ci": [
        0.4332286764563717,
        0.43802492886962924
      ],
      "ece": 0.03446197372735325,
      "ece_ci": [
        0.033304869502283466,
        0.03594971051144731
      ]
    },
    {
      "name": "vp_08-10",
      "n": 242114,
      "accuracy": 0.8728615445616528,
      "acc_ci": [
        0.8715966445558704,
        0.8741795187391064
      ],
      "log_loss": 0.298925604369374,
      "ll_ci": [
        0.29665488311722316,
        0.30145651841356186
      ],
      "ece": 0.025193617762258213,
      "ece_ci": [
        0.02413663106247195,
        0.026437446802854415
      ]
    },
    {
      "name": "vp_10-12",
      "n": 158543,
      "accuracy": 0.8733908151100963,
      "acc_ci": [
        0.8718513274001375,
        0.8750561361901817
      ],
      "log_loss": 0.290831595330269,
      "ll_ci": [
        0.28799066234747567,
        0.29373938202149463
      ],
      "ece": 0.03779863927549289,
      "ece_ci": [
        0.036430967614047696,
        0.03923414864440869
      ]
    },
    {
      "name": "vp_12-15",
      "n": 99701,
      "accuracy": 0.9154371570997282,
      "acc_ci": [
        0.9138012657846962,
        0.9171126668739532
      ],
      "log_loss": 0.1787934291429954,
      "ll_ci": [
        0.17655949084751982,
        0.1813602604921548
      ],
      "ece": 0.03978808859623984,
      "ece_ci": [
        0.03842225810258354,
        0.041214099154121046
      ]
    },
    {
      "name": "vp_15-15",
      "n": 476,
      "accuracy": 1.0,
      "acc_ci": [
        1.0,
        1.0
      ],
      "log_loss": 0.0005878094767500859,
      "ll_ci": [
        0.0005868120972354864,
        0.0005888197147156029
      ],
      "ece": 0.0005876210346004041,
      "ece_ci": [
        0.0005866499090127738,
        0.0005886401379962272
      ]
    }
  ],
  "unified_sliced": [
    {
      "name": "unified/vp_02-04",
      "n": 237827,
      "accuracy": 0.7659264927867736,
      "acc_ci": [
        0.7642318786344696,
        0.7675791646869363
      ],
      "log_loss": 0.4584002615095884,
      "ll_ci": [
        0.4565092288512229,
        0.4603432933343216
      ],
      "ece": 0.029258012053574818,
      "ece_ci": [
        0.027856509362716032,
        0.030848312136746874
      ]
    },
    {
      "name": "unified/vp_04-06",
      "n": 261890,
      "accuracy": 0.7659704456069342,
      "acc_ci": [
        0.7644162625529802,
        0.7676091106953301
      ],
      "log_loss": 0.46744347641172446,
      "ll_ci": [
        0.4653763648769494,
        0.4695828204850841
      ],
      "ece": 0.031473536238383254,
      "ece_ci": [
        0.030022302279252032,
        0.033057651233331035
      ]
    },
    {
      "name": "unified/vp_06-08",
      "n": 278166,
      "accuracy": 0.8191152045900649,
      "acc_ci": [
        0.8176987841792311,
        0.8205570594537075
      ],
      "log_loss": 0.4025504961615151,
      "ll_ci": [
        0.4003218371560283,
        0.40498163372962115
      ],
      "ece": 0.030855996750152836,
      "ece_ci": [
        0.029561442418463764,
        0.03229534555980372
      ]
    },
    {
      "name": "unified/vp_08-10",
      "n": 242114,
      "accuracy": 0.881250154885715,
      "acc_ci": [
        0.8800024988228686,
        0.8825636890060053
      ],
      "log_loss": 0.2800976388396774,
      "ll_ci": [
        0.2779594984459713,
        0.2823487228988838
      ],
      "ece": 0.01647308903150703,
      "ece_ci": [
        0.015300424017354137,
        0.017612367484219148
      ]
    },
    {
      "name": "unified/vp_10-12",
      "n": 158543,
      "accuracy": 0.884466674656087,
      "acc_ci": [
        0.8828518130727941,
        0.8860249269914156
      ],
      "log_loss": 0.2752944310760711,
      "ll_ci": [
        0.27226396700073674,
        0.2781352844131406
      ],
      "ece": 0.03005785134790973,
      "ece_ci": [
        0.02898163398732197,
        0.0318001144043617
      ]
    },
    {
      "name": "unified/vp_12-15",
      "n": 99701,
      "accuracy": 0.9463796752289345,
      "acc_ci": [
        0.945065746582281,
        0.9477437538239336
      ],
      "log_loss": 0.16385310083640195,
      "ll_ci": [
        0.16186881479027823,
        0.165966274429797
      ],
      "ece": 0.05045356863641811,
      "ece_ci": [
        0.04919502599885804,
        0.051836564395745764
      ]
    },
    {
      "name": "unified/vp_15-15",
      "n": 476,
      "accuracy": 0.9915966386554622,
      "acc_ci": [
        0.9810924369747899,
        0.9978991596638656
      ],
      "log_loss": 0.023518976854022003,
      "ll_ci": [
        0.015968613298968926,
        0.032838507525647084
      ],
      "ece": 0.020050980338529378,
      "ece_ci": [
        0.014539446149455742,
        0.026668043225121237
      ]
    }
  ]
}